doctors,jianjie,jianjie_url,localtion,localtion_url,tel,url
"科室 62 个, 大夫 1508 人",北京协和医院是集医疗、教学、科研于一...,//info.haodf.com/hospital/DE4rIxMvCogR-EoxrURJ3U3/jieshao.htm,东城区东单帅府园1号(东院);西城区大木...,//map.haodf.com/hospital/DE4rIxMvCogR-EoxrURJ3U3/map.htm,"010-69156114(总机),010-69155564(东院咨询台),010-69158010(西院咨询台),010-69156699(国际部预约电话)",https://www.haodf.com/hospital/DE4rIxMvCogR-EoxrURJ3U3.htm
"科室 16 个, 大夫 300 人",四川大学华西口腔医(学)院始建于1907年...,//info.haodf.com/hospital/DE4roiYGYZwmxnUz-mzZSmmxP/jieshao.htm,四川省成都市人民南路三段14号,//map.haodf.com/hospital/DE4roiYGYZwmxnUz-mzZSmmxP/map.htm,"028-85501437(医疗咨询),028-85553331(值班室)",https://www.haodf.com/hospital/DE4roiYGYZwmxnUz-mzZSmmxP.htm
"科室 71 个, 大夫 1401 人",四川省人民医院坐落在成都青羊宫旁、浣...,//info.haodf.com/hospital/DE4roiYGYZwmGapHKRSoDWRPl/jieshao.htm,总院:四川省成都市一环路西二段32号;草...,//map.haodf.com/hospital/DE4roiYGYZwmGapHKRSoDWRPl/map.htm,"028-87769262(急救中心),028-87393999(总机),028-87393928(患服中心),028-87795180(患服中心),028-84848120(城东病区)",https://www.haodf.com/hospital/DE4roiYGYZwmGapHKRSoDWRPl.htm
"科室 17 个, 大夫 254 人",广州市惠爱医院（广州医科大学附属脑科...,//info.haodf.com/hospital/DE4roiYGYZwXxU3XIhpq-4h0m/jieshao.htm,芳村总院:广州市荔湾区芳村明心路36号;...,//map.haodf.com/hospital/DE4roiYGYZwXxU3XIhpq-4h0m/map.htm,"020-81891425(总院),020-81891425-8136(芳村总院咨询),020-81891425-8137(芳村咨询),020-86601229-8201(江村分院)",https://www.haodf.com/hospital/DE4roiYGYZwXxU3XIhpq-4h0m.htm
"科室 10 个, 大夫 138 人",杭州市第七人民医院医院创建于1954年，...,//info.haodf.com/hospital/DE4rO-XCoLU0xnRCObWl99uMTa/jieshao.htm,杭州市天目山路305号(天目山路本部);杭...,//map.haodf.com/hospital/DE4rO-XCoLU0xnRCObWl99uMTa/map.htm,"0571-85126600(总机),0571-85129501(门诊预约),0571-85029595(24小时心理援助热线)",https://www.haodf.com/hospital/DE4rO-XCoLU0xnRCObWl99uMTa.htm
"科室 24 个, 大夫 289 人",浙江省,//info.haodf.com/hospital/DE4rO-XCoLU0CoElfmw7E-sSlj/jieshao.htm,浙江省杭州市拱墅区半山桥广济路38号,//map.haodf.com/hospital/DE4rO-XCoLU0CoElfmw7E-sSlj/map.htm,"0571-88122222(总机),0571-88122233(门诊咨询)",https://www.haodf.com/hospital/DE4rO-XCoLU0CoElfmw7E-sSlj.htm
"科室 38 个, 大夫 265 人",浙江省中西医结合医院，又名杭州市红十...,//info.haodf.com/hospital/DE4roiYGYZwEHb86yaYLonaQx/jieshao.htm,杭州市环城东路208号,//map.haodf.com/hospital/DE4roiYGYZwEHb86yaYLonaQx/map.htm,0571-56109999(总机),https://www.haodf.com/hospital/DE4roiYGYZwEHb86yaYLonaQx.htm
"科室 58 个, 大夫 591 人",宁波市第一医院创建于1913年，为浙江省...,//info.haodf.com/hospital/DE4rO-XCoLU0xONQ4wkiNDMHtx/jieshao.htm,总院:浙江省宁波市柳汀街59号;海曙分院...,//map.haodf.com/hospital/DE4rO-XCoLU0xONQ4wkiNDMHtx/map.htm,"0574-87085588(总机),0574-87085113(门诊办)",https://www.haodf.com/hospital/DE4rO-XCoLU0xONQ4wkiNDMHtx.htm
"科室 50 个, 大夫 854 人",杭州市第一人民医院：创建于1923年5月2...,//info.haodf.com/hospital/DE4roiYGYZwEH2d9CWC6I0WTb/jieshao.htm,杭州市浣纱路261号,//map.haodf.com/hospital/DE4roiYGYZwEH2d9CWC6I0WTb/map.htm,0571-56005600(总机),https://www.haodf.com/hospital/DE4roiYGYZwEH2d9CWC6I0WTb.htm
"科室 41 个, 大夫 329 人",宁波市医疗中心李惠利医院是由香港著名...,//info.haodf.com/hospital/DE4rO-XCoLU0CoYk8JOrYZEIRi/jieshao.htm,浙江省宁波市江东区兴宁路57号,//map.haodf.com/hospital/DE4rO-XCoLU0CoYk8JOrYZEIRi/map.htm,"0574-87018701(总机),0574-55835583(东部总机)",https://www.haodf.com/hospital/DE4rO-XCoLU0CoYk8JOrYZEIRi.htm
"科室 54 个, 大夫 826 人",温州医科大学附属第一医院创建于1919年...,//info.haodf.com/hospital/DE4rO-XCoLU0xO0LPQrVFGoqUr/jieshao.htm,老院:浙江省温州市府学巷2号;新院:浙江...,//map.haodf.com/hospital/DE4rO-XCoLU0xO0LPQrVFGoqUr/map.htm,"0577-55579999(新院总机),0577-55578037(新院门诊部)",https://www.haodf.com/hospital/DE4rO-XCoLU0xO0LPQrVFGoqUr.htm
"科室 42 个, 大夫 490 人",浙江大学医学院附属儿童医院(浙江省儿童...,//info.haodf.com/hospital/DE4rO-XCoLU0Co0LPQrVFGoqUr/jieshao.htm,湖滨院区:杭州市下城区竹竿巷57号 ;滨江...,//map.haodf.com/hospital/DE4rO-XCoLU0Co0LPQrVFGoqUr/map.htm,0571-87061007(总机),https://www.haodf.com/hospital/DE4rO-XCoLU0Co0LPQrVFGoqUr.htm
"科室 49 个, 大夫 601 人",浙江大学医学院附属邵逸夫医院是由香港...,//info.haodf.com/hospital/DE4roiYGYZwEH3uuYe-Bqregr/jieshao.htm,庆春院区:杭州市庆春东路3号;下沙院区:...,//map.haodf.com/hospital/DE4roiYGYZwEH3uuYe-Bqregr/map.htm,"0571-86090073(总机),0571-86006030(咨询),0571-87887077(下沙院区),0571-86006031(特需预约),0571-86006667(专家预约)",https://www.haodf.com/hospital/DE4roiYGYZwEH3uuYe-Bqregr.htm
"科室 39 个, 大夫 408 人",一、医院历史及基本情况,//info.haodf.com/hospital/DE4roiYGYZwEHqBdz13dpO1a1/jieshao.htm,武林院区:杭州市体育场路453号;丁桥分院...,//map.haodf.com/hospital/DE4roiYGYZwEHqBdz13dpO1a1/map.htm,"0571-85827888(总机),0571-85827511(咨询室)",https://www.haodf.com/hospital/DE4roiYGYZwEHqBdz13dpO1a1.htm
"科室 73 个, 大夫 996 人",温州医科大学附属第二医院、育英儿童医...,//info.haodf.com/hospital/DE4roiYGYZwnJp9quPKsNiPfO/jieshao.htm,学院路院区:浙江省温州市学院西路109号...,//map.haodf.com/hospital/DE4roiYGYZwnJp9quPKsNiPfO/map.htm,"0577-88002888(学院路院区咨询),0577-88002287(南浦院区咨询),0577-88816381(院办)",https://www.haodf.com/hospital/DE4roiYGYZwnJp9quPKsNiPfO.htm
"科室 55 个, 大夫 875 人",浙江省人民医院又称浙江省立医院，是目...,//info.haodf.com/hospital/DE4roiYGYZwmhpqNN8Z2K18e0/jieshao.htm,朝晖院区:浙江省杭州市上塘路158号;望江...,//map.haodf.com/hospital/DE4roiYGYZwmhpqNN8Z2K18e0/map.htm,"0571-85893889(预约挂号),0571-87666666(朝晖院区总机),0571-87091302(望江山院区总机)",https://www.haodf.com/hospital/DE4roiYGYZwmhpqNN8Z2K18e0.htm
"科室 21 个, 大夫 307 人",浙江大学医学院附属妇产科医院（浙江省...,//info.haodf.com/hospital/DE4roiYGYZwEH7VD2kvYsPktj/jieshao.htm,浙江省杭州市学士路1号,//map.haodf.com/hospital/DE4roiYGYZwEH7VD2kvYsPktj/map.htm,0571-87061501(总机),https://www.haodf.com/hospital/DE4roiYGYZwEH7VD2kvYsPktj.htm
"科室 47 个, 大夫 569 人",浙江省中医院是一所集医疗、科研、教学...,//info.haodf.com/hospital/DE4roiYGYZwmhmaCFVHDuJVht/jieshao.htm,湖滨院区:杭州市上城区邮电路54号;下沙...,//map.haodf.com/hospital/DE4roiYGYZwmhmaCFVHDuJVht/map.htm,"0571-87068001(湖滨院区总机),0571-87010630(医疗咨询),0571-86918600(下沙院区门诊服务台)",https://www.haodf.com/hospital/DE4roiYGYZwmhmaCFVHDuJVht.htm
"科室 59 个, 大夫 995 人",浙江大学医学院附属第二医院（简称浙医...,//info.haodf.com/hospital/DE4roiYGYZwmGYmS30yF9V0wc/jieshao.htm,解放路院区:浙江杭州市解放路88号;滨江...,//map.haodf.com/hospital/DE4roiYGYZwmGYmS30yF9V0wc/map.htm,0571-87783777(总机),https://www.haodf.com/hospital/DE4roiYGYZwmGYmS30yF9V0wc.htm
"科室 32 个, 大夫 191 人",长沙市中医医院（长沙市第八医院）是由...,//info.haodf.com/hospital/DE4rO-XCoLU0hELG0lPR5qqdfm/jieshao.htm,本部:长沙县星沙大道22号;东院:长沙市五...,//map.haodf.com/hospital/DE4rO-XCoLU0hELG0lPR5qqdfm/map.htm,"0731-85259000(本部咨询),0731-82637257(东院总值班),0731-85123831(南院办公室)",https://www.haodf.com/hospital/DE4rO-XCoLU0hELG0lPR5qqdfm.htm
"科室 43 个, 大夫 391 人",南华大学附属长沙中心医院是一所集医疗...,//info.haodf.com/hospital/DE4rO-XCoLU0hEzZljbt3pIpm0/jieshao.htm,本院:长沙市韶山南路161号;北院:长沙市...,//map.haodf.com/hospital/DE4rO-XCoLU0hEzZljbt3pIpm0/map.htm,"0731-85668000(门诊总服务台),0731-85668156(医院总值班),0731-85585216(医院总值班),0731-84313697(北院)",https://www.haodf.com/hospital/DE4rO-XCoLU0hEzZljbt3pIpm0.htm
"科室 31 个, 大夫 234 人",湖南中医药大学第二附属医院，又名湖南...,//info.haodf.com/hospital/DE4roiYGYZwny3PBM4FM2b44i/jieshao.htm,湖南省长沙市蔡锷北路233号,//map.haodf.com/hospital/DE4roiYGYZwny3PBM4FM2b44i/map.htm,"0731-84917729(门诊),0731-84917810(导诊台),0731-84910120(急救),0731-84917777(总值班)",https://www.haodf.com/hospital/DE4roiYGYZwny3PBM4FM2b44i.htm
"科室 23 个, 大夫 179 人",湖南省妇幼保健院成立于1947年，是湖南...,//info.haodf.com/hospital/DE4roiYGYZwny1Bdz13dpO1a1/jieshao.htm,湖南省长沙市开福区湘春路53号 (兴汉门...,//map.haodf.com/hospital/DE4roiYGYZwny1Bdz13dpO1a1/map.htm,0731-84332201(24小时咨询热线),https://www.haodf.com/hospital/DE4roiYGYZwny1Bdz13dpO1a1.htm
"科室 34 个, 大夫 447 人",全国百佳医院-湖南省肿瘤医院/中南大学...,//info.haodf.com/hospital/DE4roiYGYZwny5eFEgXN3cgkJ/jieshao.htm,湖南省长沙市岳麓区桐梓坡路283号(北门...,//map.haodf.com/hospital/DE4roiYGYZwny5eFEgXN3cgkJ/map.htm,"0731-89762510(总服务台),0731-88651900(咨询电话),0731-89762518(门诊办公室),0731-88651808(院办)",https://www.haodf.com/hospital/DE4roiYGYZwny5eFEgXN3cgkJ.htm
"科室 35 个, 大夫 400 人",湖南省儿童医院于1987年6月1日正式开院...,//info.haodf.com/hospital/DE4roiYGYZwnyq86yaYLonaQx/jieshao.htm,湖南省长沙市梓园路86号,//map.haodf.com/hospital/DE4roiYGYZwnyq86yaYLonaQx/map.htm,"0731-85600908(咨询热线),0731-85600915(门诊咨询),0731-85356114(预约挂号),0731-85356908(院办公室)",https://www.haodf.com/hospital/DE4roiYGYZwnyq86yaYLonaQx.htm
"科室 46 个, 大夫 788 人",中南大学湘雅三医院座落在古城长沙，湘...,//info.haodf.com/hospital/DE4roiYGYZwmxO1YXfLKC7fiV/jieshao.htm,湖南省长沙市河西岳麓区桐梓坡路138号,//map.haodf.com/hospital/DE4roiYGYZwmxO1YXfLKC7fiV/map.htm,"0731-88638888(总机),0731-88618577(预约挂号),0731-88618576(预约挂号),0731-88618575(门诊),0731-88618120(急救)",https://www.haodf.com/hospital/DE4roiYGYZwmxO1YXfLKC7fiV.htm
"科室 64 个, 大夫 619 人",湖南省人民医院由中国现代医学重要创始...,//info.haodf.com/hospital/DE4roiYGYZwmhnOyZJ9SvRJb8/jieshao.htm,天心阁院区:湖南省长沙市解放西路61号;...,//map.haodf.com/hospital/DE4roiYGYZwmhnOyZJ9SvRJb8/map.htm,"0731-83929139(门诊室),0731-83929141(病友服务中心),0731-82278120(急诊科)",https://www.haodf.com/hospital/DE4roiYGYZwmhnOyZJ9SvRJb8.htm
"科室 49 个, 大夫 413 人",湖南省第二人民医院（湖南省脑科医院）...,//info.haodf.com/hospital/DE4rO-XCoLU0hnMxaOQhHsdycT/jieshao.htm,长沙市芙蓉中路三段427号,//map.haodf.com/hospital/DE4rO-XCoLU0hnMxaOQhHsdycT/map.htm,"0731-85232209(总值班室),0731-84325599(咨询),0731-85232210(院办公室),0731-85232351",https://www.haodf.com/hospital/DE4rO-XCoLU0hnMxaOQhHsdycT.htm
"科室 49 个, 大夫 494 人",湖南中医药大学第一附属医院创建于1963...,//info.haodf.com/hospital/DE4roiYGYZwny7Fvoi5u5tiO7/jieshao.htm,"湖南省长沙市韶山中路95号(本部),湖南省...",//map.haodf.com/hospital/DE4roiYGYZwny7Fvoi5u5tiO7/map.htm,"0731-85600737(咨询),0731-85600120(急救),0731-85600700(急救),0731-85600827(门诊部)",https://www.haodf.com/hospital/DE4roiYGYZwny7Fvoi5u5tiO7.htm
"科室 64 个, 大夫 1410 人",中南大学湘雅二医院（原湖南医科大学附...,//info.haodf.com/hospital/DE4roiYGYZwmxoqNN8Z2K18e0/jieshao.htm,本院:长沙市人民中路139号;五官科楼:韶...,//map.haodf.com/hospital/DE4roiYGYZwmxoqNN8Z2K18e0/map.htm,"0731-85295999,0731-85295888(总机),0731-85294300(值班),0731-85295100(普通门诊咨询),0731-85295022(专家门诊咨询)",https://www.haodf.com/hospital/DE4roiYGYZwmxoqNN8Z2K18e0.htm
"科室 61 个, 大夫 1236 人",中南大学湘雅医院（Xiangya Hospital C...,//info.haodf.com/hospital/DE4roiYGYZwXy3d9CWC6I0WTb/jieshao.htm,中国湖南长沙市湘雅路87号,//map.haodf.com/hospital/DE4roiYGYZwXy3d9CWC6I0WTb/map.htm,"0731-84328888(总机),0731-89753999(电话预约),0731-89752088(国际医疗部),0731-89752089(国际医疗部),0731-84327100(门诊办)",https://www.haodf.com/hospital/DE4roiYGYZwXy3d9CWC6I0WTb.htm
"科室 47 个, 大夫 491 人",穿越历史的浩瀚，屹立在长江之畔的武汉...,//info.haodf.com/hospital/DE4roiYGYZwm-b9quPKsNiPfO/jieshao.htm,南京路院区:武汉市江岸区胜利街26号;后...,//map.haodf.com/hospital/DE4roiYGYZwm-b9quPKsNiPfO/map.htm,"027-82811080(总机),027-82211488(咨询投诉),027-82627573(花桥门诊)",https://www.haodf.com/hospital/DE4roiYGYZwm-b9quPKsNiPfO.htm
"科室 43 个, 大夫 325 人",武汉市第四医院由英籍医学博士施维善创...,//info.haodf.com/hospital/DE4rO-XCoLU0GmHDjfh42XHZ0l/jieshao.htm,武胜路院区:武汉市桥口区汉正街473号;古...,//map.haodf.com/hospital/DE4rO-XCoLU0GmHDjfh42XHZ0l/map.htm,"027-83782519(24小时咨询),027-68835075(武胜路院),027-68831300(古田院),027-83914556(常青分院)",https://www.haodf.com/hospital/DE4rO-XCoLU0GmHDjfh42XHZ0l.htm
"科室 30 个, 大夫 267 人",武汉市中医医院始建于1955年，其前身为...,//info.haodf.com/hospital/DE4roiYGYZwm-2c2dcByMhc7g/jieshao.htm,湖北省武汉市汉口江岸区黎黄陂路49号(本...,//map.haodf.com/hospital/DE4roiYGYZwm-2c2dcByMhc7g/map.htm,"027-82831404(总机),027-82851849(门诊),027-82831403",https://www.haodf.com/hospital/DE4roiYGYZwm-2c2dcByMhc7g.htm
"科室 42 个, 大夫 372 人",中国人民解放军广州军区武汉总医院坐落...,//info.haodf.com/hospital/DE4roiYGYZwai186yaYLonaQx/jieshao.htm,湖北省武汉市武昌区武珞路627号,//map.haodf.com/hospital/DE4roiYGYZwai186yaYLonaQx/map.htm,027-50773333(总机),https://www.haodf.com/hospital/DE4roiYGYZwai186yaYLonaQx.htm
"科室 18 个, 大夫 354 人",武汉大学口腔医院的前身是湖北医科大学...,//info.haodf.com/hospital/DE4roiYGYZwmiq9quPKsNiPfO/jieshao.htm,湖北省武汉市洪山区珞喻路237号,//map.haodf.com/hospital/DE4roiYGYZwmiq9quPKsNiPfO/map.htm,"027-82873192(咨询),027-87686110(总机)",https://www.haodf.com/hospital/DE4roiYGYZwmiq9quPKsNiPfO.htm
"科室 41 个, 大夫 383 人","武汉市儿童医院建于1954年, 是继京、津...",//info.haodf.com/hospital/DE4roiYGYZwm-p7o5nM-zfnJT/jieshao.htm,本部:湖北省武汉市江岸区香港路100号;汉...,//map.haodf.com/hospital/DE4roiYGYZwm-p7o5nM-zfnJT/map.htm,"027-82433350(导医台),027-82433363(门诊部),027-84867467(汉阳门诊部),027-84867577(汉阳门诊部)",https://www.haodf.com/hospital/DE4roiYGYZwm-p7o5nM-zfnJT.htm
"科室 56 个, 大夫 597 人",武汉大学中南医院建于1956年，坐落在武...,//info.haodf.com/hospital/DE4roiYGYZwm-I1YXfLKC7fiV/jieshao.htm,武汉市武昌东湖路169号,//map.haodf.com/hospital/DE4roiYGYZwm-I1YXfLKC7fiV/map.htm,"027-67812888,027-67812999(总机)",https://www.haodf.com/hospital/DE4roiYGYZwm-I1YXfLKC7fiV.htm
"科室 47 个, 大夫 629 人",武汉市第一医院始建于1927年，初名为“...,//info.haodf.com/hospital/DE4roiYGYZwm-O5IqlG3HelVn/jieshao.htm,湖北省武汉市硚口区中山大道215号(总院...,//map.haodf.com/hospital/DE4roiYGYZwm-O5IqlG3HelVn/map.htm,"027-85860666(总院总机),027-83535017(汉西分院总机),027-87754386(武昌门诊白天),027-84621611(武昌门诊晚上),027-84621611(汉阳门诊)",https://www.haodf.com/hospital/DE4roiYGYZwm-O5IqlG3HelVn.htm
"科室 37 个, 大夫 340 人",湖北省妇幼保健院(湖北省妇女儿童医院)...,//info.haodf.com/hospital/DE4roiYGYZwmiOrEpjdCy8jrf/jieshao.htm,湖北省武汉市武昌街道口武珞路745号,//map.haodf.com/hospital/DE4roiYGYZwmiOrEpjdCy8jrf/map.htm,"027-87862877(咨询电话),027-87169551(预约咨询电话),4006677400(电话预约)",https://www.haodf.com/hospital/DE4roiYGYZwmiOrEpjdCy8jrf.htm
"科室 37 个, 大夫 365 人",湖北省中医院（湖北中医药大学附属医院...,//info.haodf.com/hospital/DE4rO-XCoLU0GYHVx47TZMZ31t/jieshao.htm,花园山院区:湖北省武汉市武昌区胭脂路花...,//map.haodf.com/hospital/DE4rO-XCoLU0GYHVx47TZMZ31t/map.htm,"027-88929147(总机),027-88929419(门诊),027-87748001(光谷院区),027-88710029(凤凰门诊咨询),027-87892011(千家街门诊部)",https://www.haodf.com/hospital/DE4rO-XCoLU0GYHVx47TZMZ31t.htm
"科室 53 个, 大夫 1023 人",武汉大学人民医院，又名 湖北省人民医院...,//info.haodf.com/hospital/DE4roiYGYZwmxmOyZJ9SvRJb8/jieshao.htm,本院(紫阳院区):湖北武汉武昌区张之洞路...,//map.haodf.com/hospital/DE4roiYGYZwmxmOyZJ9SvRJb8/map.htm,"027-88041911(总机),027-88041911转85314(门诊导医),027-88041911转85539(门诊导医),",https://www.haodf.com/hospital/DE4roiYGYZwmxmOyZJ9SvRJb8.htm
"科室 57 个, 大夫 1321 人",华中科技大学同济医学院附属协和医院始...,//info.haodf.com/hospital/DE4roiYGYZwXyUc2dcByMhc7g/jieshao.htm,本部:湖北省武汉市解放大道1277号;西院...,//map.haodf.com/hospital/DE4roiYGYZwXyUc2dcByMhc7g/map.htm,"027-85726114(总机),027-85726754(咨询)",https://www.haodf.com/hospital/DE4roiYGYZwXyUc2dcByMhc7g.htm
"科室 27 个, 大夫 211 人",江苏省妇幼保健院（江苏省人民医院妇幼...,//info.haodf.com/hospital/DE4roiYGYZwXJorEpjdCy8jrf/jieshao.htm,江苏省南京市江东北路368号,//map.haodf.com/hospital/DE4roiYGYZwXJorEpjdCy8jrf/map.htm,025-86211033(总机),https://www.haodf.com/hospital/DE4roiYGYZwXJorEpjdCy8jrf.htm
"科室 14 个, 大夫 183 人",南京医科大学附属口腔医院暨江苏省口腔...,//info.haodf.com/hospital/DE4roiYGYZwEi165Sxq9XkxnU/jieshao.htm,南京市汉中路136号(本部);南京市鼓楼区...,//map.haodf.com/hospital/DE4roiYGYZwEi165Sxq9XkxnU/map.htm,"025-85031811(办公室),025-85031818(导医),025-85031867(办公室),025-86864026(第一门诊部),025-86864040(第一门诊部)",https://www.haodf.com/hospital/DE4roiYGYZwEi165Sxq9XkxnU.htm
"科室 16 个, 大夫 217 人",南京大学医学院附属口腔医院暨南京市口...,//info.haodf.com/hospital/DE4roiYGYZwaJ2d9CWC6I0WTb/jieshao.htm,本部:南京市中央路30号;第一门诊部:南京...,//map.haodf.com/hospital/DE4roiYGYZwaJ2d9CWC6I0WTb/map.htm,"025-83620362(总机),025-83620300(咨询),025-83620190(挂号室),025-83620200(医务处)",https://www.haodf.com/hospital/DE4roiYGYZwaJ2d9CWC6I0WTb.htm
"科室 57 个, 大夫 498 人",江苏省苏北人民医院又名扬州大学附属苏...,//info.haodf.com/hospital/DE4roiYGYZwECnbML76GGU71e/jieshao.htm,江苏省扬州市广陵区南通西路98号,//map.haodf.com/hospital/DE4roiYGYZwECnbML76GGU71e/map.htm,"0514-87373012(总机),0514-87373114(咨询)",https://www.haodf.com/hospital/DE4roiYGYZwECnbML76GGU71e.htm
"科室 28 个, 大夫 278 人",南京市妇幼保健院创建于1936年，前身为...,//info.haodf.com/hospital/DE4roiYGYZwECq9quPKsNiPfO/jieshao.htm,南京市莫愁路天妃巷123号,//map.haodf.com/hospital/DE4roiYGYZwECq9quPKsNiPfO/map.htm,"025-52226900(预约挂号),025-52226777(总机),025-52226356(咨询)",https://www.haodf.com/hospital/DE4roiYGYZwECq9quPKsNiPfO.htm
"科室 46 个, 大夫 1197 人",苏州大学附属第一医院始创于1883年（清...,//info.haodf.com/hospital/DE4roiYGYZwECOrEpjdCy8jrf/jieshao.htm,总院:苏州市平海路899号;十梓街院区:苏...,//map.haodf.com/hospital/DE4roiYGYZwECOrEpjdCy8jrf/map.htm,"0512-65223637(总机),65223637转8299(急诊),65223637转8219(咨询),65223637转8199(急救)",https://www.haodf.com/hospital/DE4roiYGYZwECOrEpjdCy8jrf.htm
"科室 52 个, 大夫 693 人",南京鼓楼医院，又名南京大学医学院附属...,//info.haodf.com/hospital/DE4roiYGYZwXyq65Sxq9XkxnU/jieshao.htm,本院:南京市中山路321号;北院:南京市中...,//map.haodf.com/hospital/DE4roiYGYZwXyq65Sxq9XkxnU/map.htm,"025-83106666(总机),025-12320(预约电话)",https://www.haodf.com/hospital/DE4roiYGYZwXyq65Sxq9XkxnU.htm
"科室 46 个, 大夫 774 人",中国人民解放军南京军区南京总医院居六...,//info.haodf.com/hospital/DE4roiYGYZwXJ165Sxq9XkxnU/jieshao.htm,江苏省南京市玄武区中山东路305号,//map.haodf.com/hospital/DE4roiYGYZwXJ165Sxq9XkxnU/map.htm,"025-80860114(查号台),025-80861062(可提前一周,肾脏科没有预约号),025-80860144(急诊)",https://www.haodf.com/hospital/DE4roiYGYZwXJ165Sxq9XkxnU.htm
"科室 21 个, 大夫 96 人",山东省妇幼保健院（山东省妇产医院、山...,//info.haodf.com/hospital/DE4rO-XCoLU0jOEmi88QpNK6eR/jieshao.htm,济南市经十东路238号,//map.haodf.com/hospital/DE4rO-XCoLU0jOEmi88QpNK6eR/map.htm,"0531-68795005(办公室),0531-85187266(健康热线)",https://www.haodf.com/hospital/DE4rO-XCoLU0jOEmi88QpNK6eR.htm
"科室 13 个, 大夫 161 人",山东大学口腔医学院，前身为山东医科大...,//info.haodf.com/hospital/DE4roiYGYZwaC243vTNHYjTjw/jieshao.htm,济南市历下区文化西路44-1号,//map.haodf.com/hospital/DE4roiYGYZwaC243vTNHYjTjw/map.htm,0531-88382056(咨询),https://www.haodf.com/hospital/DE4roiYGYZwaC243vTNHYjTjw.htm
"科室 17 个, 大夫 143 人",医院位于济南市市中区建国小经三路2号，...,//info.haodf.com/hospital/DE4roiYGYZwEy186yaYLonaQx/jieshao.htm,山东省济南市市中区建国小经三路2号,//map.haodf.com/hospital/DE4roiYGYZwEy186yaYLonaQx/map.htm,"0531-89029000(总机),0531-89029188(客服电话),0531-58675128(预约挂号)",https://www.haodf.com/hospital/DE4roiYGYZwEy186yaYLonaQx.htm
"科室 55 个, 大夫 502 人",济南市中心医院是济南市属局级综合性三...,//info.haodf.com/hospital/DE4roiYGYZwIz9ZyZJ9SvRJb8/jieshao.htm,济南市历下区解放路105号,//map.haodf.com/hospital/DE4roiYGYZwIz9ZyZJ9SvRJb8/map.htm,"0531-85695114(总机),0531-81312000(客户服务)",https://www.haodf.com/hospital/DE4roiYGYZwIz9ZyZJ9SvRJb8.htm
"科室 54 个, 大夫 771 人",青岛市市立医院（集团）始建于1916年，...,//info.haodf.com/hospital/DE4roiYGYZwEJ386yaYLonaQx/jieshao.htm,本部:青岛市胶州路1号;东院:青岛市东海...,//map.haodf.com/hospital/DE4roiYGYZwEJ386yaYLonaQx/map.htm,"0532-82716767(本部咨询),0532-82716868(东院区咨询),0532-82852181(皮肤病防治院)",https://www.haodf.com/hospital/DE4roiYGYZwEJ386yaYLonaQx.htm
"科室 59 个, 大夫 662 人",烟台毓璜顶医院始建于1890年，其前身是...,//info.haodf.com/hospital/DE4roiYGYZwE-1tsGQuzElQch/jieshao.htm,芝罘区毓东路20号,//map.haodf.com/hospital/DE4roiYGYZwE-1tsGQuzElQch/map.htm,0535-6691999(总机),https://www.haodf.com/hospital/DE4roiYGYZwE-1tsGQuzElQch.htm
"科室 47 个, 大夫 419 人",济南军区总医院是一所集医、教、研、预...,//info.haodf.com/hospital/DE4roiYGYZwIzsSCFVHDuJVht/jieshao.htm,本部:山东省济南市天桥区师范路25号;西...,//map.haodf.com/hospital/DE4roiYGYZwIzsSCFVHDuJVht/map.htm,"0531-51666114(总机),0531-51666666(总机),0531-51665665(门诊预约),0531-51688195(急救)",https://www.haodf.com/hospital/DE4roiYGYZwIzsSCFVHDuJVht.htm
"科室 76 个, 大夫 1213 人",1898年，滥觞于黄海之滨的德国野战医院...,//info.haodf.com/hospital/DE4roiYGYZwExprEpjdCy8jrf/jieshao.htm,市南院区:青岛市市南区江苏路16号;市北...,//map.haodf.com/hospital/DE4roiYGYZwExprEpjdCy8jrf/map.htm,"0532-82911847(总院咨询),0532-82918181(黄岛咨询),0532-82913225(东部咨询)",https://www.haodf.com/hospital/DE4roiYGYZwExprEpjdCy8jrf.htm
"科室 71 个, 大夫 1150 人",山东大学齐鲁医院是山东大学直属的国家...,//info.haodf.com/hospital/DE4roiYGYZwmGIOyZJ9SvRJb8/jieshao.htm,山东省济南市历下区文化西路107号(本部...,//map.haodf.com/hospital/DE4roiYGYZwmGIOyZJ9SvRJb8/map.htm,0531-82166666(预约挂号),https://www.haodf.com/hospital/DE4roiYGYZwmGIOyZJ9SvRJb8.htm
"科室 77 个, 大夫 1322 人",山东省立医院始建于1897年，迄今已有11...,//info.haodf.com/hospital/DE4roiYGYZwXJp7o5nM-zfnJT/jieshao.htm,"中心院区:济南市经五纬七路324号,山东省...",//map.haodf.com/hospital/DE4roiYGYZwXJp7o5nM-zfnJT/map.htm,"0531-68777114(总机),0531-87938911(总机),0531-68776200(咨询电话),0531-58675120(预约)",https://www.haodf.com/hospital/DE4roiYGYZwXJp7o5nM-zfnJT.htm
"科室 29 个, 大夫 162 人",四川省妇幼保健院成立于1988年4月，199...,//info.haodf.com/hospital/DE4roiYGYZwmCU5IqlG3HelVn/jieshao.htm,成都市武侯区晋阳路沙堰村西二街290号,//map.haodf.com/hospital/DE4roiYGYZwmCU5IqlG3HelVn/map.htm,"028-65978133(咨询),028-87738249(院办公室)",https://www.haodf.com/hospital/DE4roiYGYZwmCU5IqlG3HelVn.htm
"科室 46 个, 大夫 456 人",成都市第三人民医院始建于1941年7月，历...,//info.haodf.com/hospital/DE4roiYGYZwmCIbML76GGU71e/jieshao.htm,成都市青龙街82号,//map.haodf.com/hospital/DE4roiYGYZwmCIbML76GGU71e/map.htm,"028-86649831(总机),028-86638387(急诊科),028-61312288(挂号),028-86635593(院办)",https://www.haodf.com/hospital/DE4roiYGYZwmCIbML76GGU71e.htm
"科室 53 个, 大夫 390 人",绵阳，系成渝经济区西北部的中心城市，...,//info.haodf.com/hospital/DE4roiYGYZwmyrBdz13dpO1a1/jieshao.htm,四川省绵阳市涪城区警钟街常家巷12号,//map.haodf.com/hospital/DE4roiYGYZwmyrBdz13dpO1a1/map.htm,"0816-2222821(总机),0816-2229595(院办),0816-2231777(医院急诊)",https://www.haodf.com/hospital/DE4roiYGYZwmyrBdz13dpO1a1.htm
"科室 41 个, 大夫 570 人",西部战区总医院诞生于解放战争的烽火硝...,//info.haodf.com/hospital/DE4roiYGYZwai265Sxq9XkxnU/jieshao.htm,四川省成都市蓉都大道天回路270号,//map.haodf.com/hospital/DE4roiYGYZwai265Sxq9XkxnU/map.htm,"028-86570073(大厅导医台),028-86570326(急救)",https://www.haodf.com/hospital/DE4roiYGYZwai265Sxq9XkxnU.htm
"科室 38 个, 大夫 340 人",成都市妇女儿童中心医院是经成都市政府...,//info.haodf.com/hospital/DE4rO-XCoLU0yU22m0TUy35vjf/jieshao.htm,成都市青羊区日月大道1617号(中心院区)...,//map.haodf.com/hospital/DE4rO-XCoLU0yU22m0TUy35vjf/map.htm,"028-87467888(中心院区),028-61866186(中心院区),028-86636871(实业街院区),028-86627601(太升路院区),028-86633230(东城根街院区)",https://www.haodf.com/hospital/DE4rO-XCoLU0yU22m0TUy35vjf.htm
"科室 54 个, 大夫 517 人",西南医科大学附属医院位于四川省泸州市...,//info.haodf.com/hospital/DE4roiYGYZwmy1d9CWC6I0WTb/jieshao.htm,四川省泸州市江阳区太平街25号(忠山院区...,//map.haodf.com/hospital/DE4roiYGYZwmy1d9CWC6I0WTb/map.htm,"0830-8889120(查号),0830-3165200(门诊),0830-3165120(急诊),0830-2292219(急救)",https://www.haodf.com/hospital/DE4roiYGYZwmy1d9CWC6I0WTb.htm
"科室 10 个, 大夫 194 人",广东省口腔医院座落在广州市珠江南岸海...,//info.haodf.com/hospital/DE4roiYGYZwXxEOyZJ9SvRJb8/jieshao.htm,总院区:广州市江南大道南366号;番禺院区...,//map.haodf.com/hospital/DE4roiYGYZwXxEOyZJ9SvRJb8/map.htm,020-84427034(挂号/咨询),https://www.haodf.com/hospital/DE4roiYGYZwXxEOyZJ9SvRJb8.htm
"科室 15 个, 大夫 271 人",中山大学光华口腔医学院·附属口腔医院...,//info.haodf.com/hospital/DE4roiYGYZwXiIbML76GGU71e/jieshao.htm,院本部:广州市陵园西路56号;东院:广州市...,//map.haodf.com/hospital/DE4roiYGYZwXiIbML76GGU71e/map.htm,"020-83863002(医务科),020-83862543(医务科),020-83870175(急诊科),020-83862579(门诊咨询),020-83878836(珠江新城门诊)",https://www.haodf.com/hospital/DE4roiYGYZwXiIbML76GGU71e.htm
"科室 60 个, 大夫 578 人",暨南大学附属第一医院（又名广州华...,//info.haodf.com/hospital/DE4roiYGYZwXxIUz-mzZSmmxP/jieshao.htm,院本部:广州市天河区黄埔大道西613号;东...,//map.haodf.com/hospital/DE4roiYGYZwXxIUz-mzZSmmxP/map.htm,"020-38688888(总机),020-38688066(挂号室)",https://www.haodf.com/hospital/DE4roiYGYZwXxIUz-mzZSmmxP.htm
"科室 35 个, 大夫 493 人",广东省妇幼保健院创建于1944年，隶属广...,//info.haodf.com/hospital/DE4roiYGYZwX-2sp9b25Lgbma/jieshao.htm,越秀院区:广州市广园西路13号;番禺院区...,//map.haodf.com/hospital/DE4roiYGYZwX-2sp9b25Lgbma/map.htm,"020-61118777(越秀院区总机),020-39151777(番禺院区总机),020-39151611(番禺院区预约挂号),020-84183055(海珠院区门诊咨询)",https://www.haodf.com/hospital/DE4roiYGYZwX-2sp9b25Lgbma.htm
"科室 54 个, 大夫 615 人",南方医科大学珠江医院是南方医科大学（...,//info.haodf.com/hospital/DE4roiYGYZwXCp3XIhpq-4h0m/jieshao.htm,广东省广州市工业大道中253号,//map.haodf.com/hospital/DE4roiYGYZwXCp3XIhpq-4h0m/map.htm,"020-61643888(总机),020-62782020(挂号咨询)",https://www.haodf.com/hospital/DE4roiYGYZwXCp3XIhpq-4h0m.htm
"科室 50 个, 大夫 448 人",广州军区总医院始建于1933年，是一所集...,//info.haodf.com/hospital/DE4roiYGYZwXxa2LHUopZaUWW/jieshao.htm,广东省广州市流花路111号,//map.haodf.com/hospital/DE4roiYGYZwXxa2LHUopZaUWW/map.htm,"020-88653111(总机),020-88653114(查号),020-88654645(门诊咨询台),020-88653214(门诊咨询)",https://www.haodf.com/hospital/DE4roiYGYZwXxa2LHUopZaUWW.htm
"科室 37 个, 大夫 325 人",深圳市儿童医院位于市中心区，1998年初...,//info.haodf.com/hospital/DE4rO-XCoLU0hXzSkhlkqINLVW/jieshao.htm,深圳市福田区益田路7019号,//map.haodf.com/hospital/DE4rO-XCoLU0hXzSkhlkqINLVW/map.htm,0755-83936101(总机),https://www.haodf.com/hospital/DE4rO-XCoLU0hXzSkhlkqINLVW.htm
"科室 14 个, 大夫 208 人",白云山高，珠江水长，中国的南大门羊城...,//info.haodf.com/hospital/DE4roiYGYZwXiaqNN8Z2K18e0/jieshao.htm,"总院:广州市先烈南路54号,珠江新城院区...",//map.haodf.com/hospital/DE4roiYGYZwXiaqNN8Z2K18e0/map.htm,"020-87330345(医务科),020-84262420(海珠区门诊部),020-66607666",https://www.haodf.com/hospital/DE4roiYGYZwXiaqNN8Z2K18e0.htm
"科室 35 个, 大夫 499 人",中山大学,//info.haodf.com/hospital/DE4roiYGYZwXin2LHUopZaUWW/jieshao.htm,广州市东风东路651号(东风东路和先烈路...,//map.haodf.com/hospital/DE4roiYGYZwXin2LHUopZaUWW/map.htm,"020-87343088(咨询),020-87343289(挂号),020-87343291(挂号),020-87343533(咨询),020-87343235(咨询),020-87343571(咨询",https://www.haodf.com/hospital/DE4roiYGYZwXin2LHUopZaUWW.htm
"科室 57 个, 大夫 762 人",中山大学附属第三医院（原中山医科大学...,//info.haodf.com/hospital/DE4roiYGYZwXC25IqlG3HelVn/jieshao.htm,天河院区:广州市天河区天河路600号;岭南...,//map.haodf.com/hospital/DE4roiYGYZwXC25IqlG3HelVn/map.htm,"020-85253333(总机),020-85253203(门诊查询),020-82179000(萝岗院区总机)",https://www.haodf.com/hospital/DE4roiYGYZwXC25IqlG3HelVn.htm
"科室 70 个, 大夫 1150 人",南方医院系南方医科大学（原第一军医大...,//info.haodf.com/hospital/DE4roiYGYZwXCO1YXfLKC7fiV/jieshao.htm,广州市广州大道北1838号,//map.haodf.com/hospital/DE4roiYGYZwXCO1YXfLKC7fiV/map.htm,"020-61641888(预约挂号),020-61641114(总机)",https://www.haodf.com/hospital/DE4roiYGYZwXCO1YXfLKC7fiV.htm
"科室 53 个, 大夫 844 人",广州中医药大学第一附属医院是一所大型...,//info.haodf.com/hospital/DE4roiYGYZwXCoqNN8Z2K18e0/jieshao.htm,"总院:中国广州白云机场路16号大院,先烈...",//map.haodf.com/hospital/DE4roiYGYZwXCoqNN8Z2K18e0/map.htm,"020-36591222(总机),020-36591912(总机),020-36591590(挂号),020-36591085(挂号),020-36591512(挂号)",https://www.haodf.com/hospital/DE4roiYGYZwXCoqNN8Z2K18e0.htm
"科室 65 个, 大夫 1204 人",广东省人民医院（广东省医学科学院）创...,//info.haodf.com/hospital/DE4roiYGYZwXxnpHKRSoDWRPl/jieshao.htm,总院:广州市中山二路106号(中山二路和东...,//map.haodf.com/hospital/DE4roiYGYZwXxnpHKRSoDWRPl/map.htm,"020-83827812(总机),020-81884713 (惠福分院总机),020-83882222(预约中心)",https://www.haodf.com/hospital/DE4roiYGYZwXxnpHKRSoDWRPl.htm
"科室 64 个, 大夫 1257 人",广东省中医院（广州中医药大学第二附属...,//info.haodf.com/hospital/DE4roiYGYZwXCabML76GGU71e/jieshao.htm,总院:广东省广州市大德路111号;二沙岛分...,//map.haodf.com/hospital/DE4roiYGYZwXCabML76GGU71e/map.htm,"020-81887233(总院),020-87351238(二沙岛分院),020-81499399(芳村分院),020-39318100(大学城分院),0756-3325088(珠海分院)",https://www.haodf.com/hospital/DE4roiYGYZwXCabML76GGU71e.htm
"科室 19 个, 大夫 243 人",上海市胸科医院创建于1957年，为我国最...,//info.haodf.com/hospital/DE4roiYGYZwXiprEpjdCy8jrf/jieshao.htm,上海市淮海西路241号,//map.haodf.com/hospital/DE4roiYGYZwXiprEpjdCy8jrf/map.htm,"021-22200000(总机),021-62821990(咨询)",https://www.haodf.com/hospital/DE4roiYGYZwXiprEpjdCy8jrf.htm
"科室 22 个, 大夫 291 人",同济大学附属上海市肺科医院（上海市职...,//info.haodf.com/hospital/DE4roiYGYZwXKEo-DwIIFQwlR/jieshao.htm,总院:上海市杨浦区政民路507号;延庆路门...,//map.haodf.com/hospital/DE4roiYGYZwXKEo-DwIIFQwlR/map.htm,"021-55672180(预约挂号),021-65115006(总机)",https://www.haodf.com/hospital/DE4roiYGYZwXKEo-DwIIFQwlR.htm
"科室 4 个, 大夫 275 人",一、 缘起,//info.haodf.com/hospital/DE4roiYGYZwIi1d9CWC6I0WTb/jieshao.htm,徐汇院区:上海市徐汇区宛平南路600号;闵...,//map.haodf.com/hospital/DE4roiYGYZwIi1d9CWC6I0WTb/map.htm,021-64387250(总机),https://www.haodf.com/hospital/DE4roiYGYZwIi1d9CWC6I0WTb.htm
"科室 39 个, 大夫 353 人",复旦大学附属儿科医院创建于1952年，系...,//info.haodf.com/hospital/DE4roiYGYZwXh0EZsOEX6TORQ/jieshao.htm,万源路门诊部:上海市闵行区万源路399号...,//map.haodf.com/hospital/DE4roiYGYZwXh0EZsOEX6TORQ/map.htm,"021-64931990(万源路门诊部总机),021-64931923(医疗咨询),021-64931990转1001(枫林路门诊部),021-64175173(医疗咨询)",https://www.haodf.com/hospital/DE4roiYGYZwXh0EZsOEX6TORQ.htm
"科室 37 个, 大夫 333 人",中国人民解放军第二军医大学第三附属医...,//info.haodf.com/hospital/DE4roiYGYZwXxXaCFVHDuJVht/jieshao.htm,"总院:上海市杨浦区长海路225号,安亭新院...",//map.haodf.com/hospital/DE4roiYGYZwXxXaCFVHDuJVht/map.htm,"021-65564166(总院总机),021-81887100(安亭新院总机),021-81887112(安亭新院门诊咨询)",https://www.haodf.com/hospital/DE4roiYGYZwXxXaCFVHDuJVht.htm
"科室 29 个, 大夫 249 人",上海市儿童医院是一所集医疗、保健、教...,//info.haodf.com/hospital/DE4roiYGYZwXKmaCFVHDuJVht/jieshao.htm,泸定路院区:上海市泸定路355号; 北京西...,//map.haodf.com/hospital/DE4roiYGYZwXKmaCFVHDuJVht/map.htm,"021-62474880(总机),021-52976020(泸定路院区),021-52976020-72116(泸定路院区预约),021-62474880-82116/82(北京西路院区)",https://www.haodf.com/hospital/DE4roiYGYZwXKmaCFVHDuJVht.htm
"科室 44 个, 大夫 446 人",上海中医药大学附属曙光医院是一所沪上...,//info.haodf.com/hospital/DE4roiYGYZwX-o3XIhpq-4h0m/jieshao.htm,上海市黄浦区普安路185号,//map.haodf.com/hospital/DE4roiYGYZwX-o3XIhpq-4h0m/map.htm,"021-53821650(总机),021-53827435(西院专家门诊咨询),021-53827537(西院特需预约),021-63855617(名老专家咨询预约)",https://www.haodf.com/hospital/DE4roiYGYZwX-o3XIhpq-4h0m.htm
"科室 53 个, 大夫 726 人",北京大学深圳医院原名“深圳市中心医院...,//info.haodf.com/hospital/DE4roiYGYZwEhp1YXfLKC7fiV/jieshao.htm,广东省深圳市福田莲花路1120号,//map.haodf.com/hospital/DE4roiYGYZwEhp1YXfLKC7fiV/map.htm,0755-83923333(总机),https://www.haodf.com/hospital/DE4roiYGYZwEhp1YXfLKC7fiV.htm
"科室 21 个, 大夫 320 人",上海市第一妇婴保健院创建于1947年2月，...,//info.haodf.com/hospital/DE4roiYGYZwXK0nG6rsvdwrU4/jieshao.htm,东院:上海市浦东新区高科西路2699号;西...,//map.haodf.com/hospital/DE4roiYGYZwXK0nG6rsvdwrU4/map.htm,"021-968886(客服热线),021-20261000(浦东总院总机),021-20261000(浦西分院总机),021-58838888(浦南分院总机)",https://www.haodf.com/hospital/DE4roiYGYZwXK0nG6rsvdwrU4.htm
"科室 54 个, 大夫 721 人",上海市第一人民医院建于1864年3月1日，...,//info.haodf.com/hospital/DE4roiYGYZwXKXIKBtDEBxt8k/jieshao.htm,上海市虹口区海宁路100号(北部);上海市...,//map.haodf.com/hospital/DE4roiYGYZwXKXIKBtDEBxt8k/map.htm,"021-63240090(本部总机),021-63240090-5218(咨询台),021-37798103(南部门诊服务台),021-37798853(南部办公室)",https://www.haodf.com/hospital/DE4roiYGYZwXKXIKBtDEBxt8k.htm
"科室 46 个, 大夫 646 人",第二军医大学长征医院是一所集医疗、教...,//info.haodf.com/hospital/DE4roiYGYZwXhoUz-mzZSmmxP/jieshao.htm,上海市凤阳路415号,//map.haodf.com/hospital/DE4roiYGYZwXhoUz-mzZSmmxP/map.htm,"021-81886999(总机),021-63586818(咨询)",https://www.haodf.com/hospital/DE4roiYGYZwXhoUz-mzZSmmxP.htm
"科室 37 个, 大夫 389 人",上海交通大学医学院附属上海儿童医学中...,//info.haodf.com/hospital/DE4roiYGYZwXhno-DwIIFQwlR/jieshao.htm,上海浦东新区东方路1678号,//map.haodf.com/hospital/DE4roiYGYZwXhno-DwIIFQwlR/map.htm,021-38626161(咨询),https://www.haodf.com/hospital/DE4roiYGYZwXhno-DwIIFQwlR.htm
"科室 59 个, 大夫 824 人",上海市第六人民医院、上海交通大学附属...,//info.haodf.com/hospital/DE4roiYGYZwXhmIKBtDEBxt8k/jieshao.htm,上海市徐汇区宜山路600号(总院);上海市...,//map.haodf.com/hospital/DE4roiYGYZwXhmIKBtDEBxt8k/map.htm,"021-64369181(总机),021-64757781(门诊预约),021-64369181-58613(特需预约),021-38297000(东院咨询)",https://www.haodf.com/hospital/DE4roiYGYZwXhmIKBtDEBxt8k.htm
"科室 28 个, 大夫 505 人",复旦大学附属肿瘤医院是教育部、国家卫...,//info.haodf.com/hospital/DE4roiYGYZwXi27o5nM-zfnJT/jieshao.htm,上海市徐汇区东安路270号(徐汇院区);上...,//map.haodf.com/hospital/DE4roiYGYZwXi27o5nM-zfnJT/map.htm,021-64175590(总机),https://www.haodf.com/hospital/DE4roiYGYZwXi27o5nM-zfnJT.htm
"科室 64 个, 大夫 768 人",上海长海医院位于东海之滨、黄浦江畔，...,//info.haodf.com/hospital/DE4roiYGYZwXhapHKRSoDWRPl/jieshao.htm,上海市杨浦区长海路168号(本部);上海市...,//map.haodf.com/hospital/DE4roiYGYZwXhapHKRSoDWRPl/map.htm,"021-31166666(总机),021-31162432(咨询台)",https://www.haodf.com/hospital/DE4roiYGYZwXhapHKRSoDWRPl.htm
"科室 19 个, 大夫 319 人",复旦大学附属眼耳鼻喉科医院由国家一级...,//info.haodf.com/hospital/DE4roiYGYZwXGopHKRSoDWRPl/jieshao.htm,汾阳路总院:上海市徐汇区汾阳路83号;宝...,//map.haodf.com/hospital/DE4roiYGYZwXGopHKRSoDWRPl/map.htm,"021-64377134(总部总机),021-64377134-137(门诊),021-64376425(宝庆路分部),021-64377134-3105(浦江院区)",https://www.haodf.com/hospital/DE4roiYGYZwXGopHKRSoDWRPl.htm
"科室 60 个, 大夫 1107 人",仁济医院建于1844年，是上海开埠后第一...,//info.haodf.com/hospital/DE4roiYGYZwX-IqNN8Z2K18e0/jieshao.htm,东院地址:上海市浦建路160号;西院地址:...,//map.haodf.com/hospital/DE4roiYGYZwX-IqNN8Z2K18e0/map.htm,"021-58752345(总机),021-68383204(东院服务台),021-53882113(西院特需门诊),021-53882139(西院门诊咨询),021-58752345(南院总机)",https://www.haodf.com/hospital/DE4roiYGYZwX-IqNN8Z2K18e0.htm
"科室 21 个, 大夫 488 人",复旦大学附属妇产科医院，由中国首...,//info.haodf.com/hospital/DE4roiYGYZwXGnaCFVHDuJVht/jieshao.htm,黄浦院区:上海市方斜路419号(住院部、产...,//map.haodf.com/hospital/DE4roiYGYZwXGnaCFVHDuJVht/map.htm,"021-33189900(总机),021-33189900-6314(杨浦门诊),021-33189900-8515(黄浦妇科),021-33189900-8256(黄浦产科)",https://www.haodf.com/hospital/DE4roiYGYZwXGnaCFVHDuJVht.htm
"科室 70 个, 大夫 835 人",新华医院是上海交通大学医学院附属教学...,//info.haodf.com/hospital/DE4roiYGYZwXhIOyZJ9SvRJb8/jieshao.htm,上海市杨浦区控江路1665号,//map.haodf.com/hospital/DE4roiYGYZwXhIOyZJ9SvRJb8/map.htm,"021-25076947(特需预约挂号),021-25078999(总机),021-69692701(崇明分院)",https://www.haodf.com/hospital/DE4roiYGYZwXhIOyZJ9SvRJb8.htm
"科室 51 个, 大夫 1090 人",复旦大学附属中山医院是国家卫生健康委...,//info.haodf.com/hospital/DE4roiYGYZwXhYmS30yF9V0wc/jieshao.htm,住院部:上海市徐汇区枫林路180号;东院:...,//map.haodf.com/hospital/DE4roiYGYZwXhYmS30yF9V0wc/map.htm,021-64041990(本部总机),https://www.haodf.com/hospital/DE4roiYGYZwXhYmS30yF9V0wc.htm
"科室 6 个, 大夫 146 人",历史沿革,//info.haodf.com/hospital/DE4roiYGYZwWG0YFEgXN3cgkJ/jieshao.htm,北京市海淀区海淀花园北路51号,//map.haodf.com/hospital/DE4roiYGYZwWG0YFEgXN3cgkJ/map.htm,"010-82806151,010-82801984(咨询电话),010-82801936(夜间值班电话)",https://www.haodf.com/hospital/DE4roiYGYZwWG0YFEgXN3cgkJ.htm
"科室 7 个, 大夫 177 人",首都医科大学附属北京安定医院创建于19...,//info.haodf.com/hospital/DE4raCNSz6ONwplJ2IkvT2YR/jieshao.htm,北京市西城区德胜门外安康胡同5号(德胜...,//map.haodf.com/hospital/DE4raCNSz6ONwplJ2IkvT2YR/map.htm,"010-58303000(咨询热线),010-58303063(咨询热线)",https://www.haodf.com/hospital/DE4raCNSz6ONwplJ2IkvT2YR.htm
"科室 35 个, 大夫 401 人",北京大学肿瘤医院(北京肿瘤医院、北京大...,//info.haodf.com/hospital/DE4roiYGYZwWGEmS30yF9V0wc/jieshao.htm,本院:北京市海淀区阜成路52号;西院区:北...,//map.haodf.com/hospital/DE4roiYGYZwWGEmS30yF9V0wc/map.htm,010-88121122(总机),https://www.haodf.com/hospital/DE4roiYGYZwWGEmS30yF9V0wc.htm
"科室 35 个, 大夫 519 人",首都儿科研究所附属儿童医院是三级甲等...,//info.haodf.com/hospital/DE4raCNSz6OmK5b7qp0yaqEm/jieshao.htm,总院:北京市朝阳区雅宝路2号,//map.haodf.com/hospital/DE4raCNSz6OmK5b7qp0yaqEm/map.htm,"010-85695555(总机),010-85613495(挂号咨询)",https://www.haodf.com/hospital/DE4raCNSz6OmK5b7qp0yaqEm.htm
"科室 28 个, 大夫 399 人",中国医学科学院肿瘤医院，始建于1958年...,//info.haodf.com/hospital/DE4raCNSz6OmCsr8uGmz1uDn/jieshao.htm,北京市朝阳区潘家园南里17号,//map.haodf.com/hospital/DE4raCNSz6OmCsr8uGmz1uDn/map.htm,"010-67781331(总机),010-67748905(特需挂号)",https://www.haodf.com/hospital/DE4raCNSz6OmCsr8uGmz1uDn.htm
"科室 70 个, 大夫 1104 人",中日友好医院是中华人民共和国国家卫生...,//info.haodf.com/hospital/DE4raCNSz6OmG3OUNZWCWNv0/jieshao.htm,朝阳区樱花东路2号(本部);朝阳区双泉堡...,//map.haodf.com/hospital/DE4raCNSz6OmG3OUNZWCWNv0/map.htm,"010-84205566(总机),010-84205288(咨询),010-84205253(门诊)",https://www.haodf.com/hospital/DE4raCNSz6OmG3OUNZWCWNv0.htm
"科室 50 个, 大夫 787 人",一、医院概况,//info.haodf.com/hospital/DE4raCNSz6Omic7eSMfL7SHT/jieshao.htm,院本部:北京市朝阳区工人体育场南路8号...,//map.haodf.com/hospital/DE4raCNSz6Omic7eSMfL7SHT/map.htm,"010-85231000(查号),010-51718999(京西院区),010-51718135(西院咨询台),51718199、51718602(西院急诊)",https://www.haodf.com/hospital/DE4raCNSz6Omic7eSMfL7SHT.htm
"科室 16 个, 大夫 455 人",北京大学口腔医学院始建于1941年，是集...,//info.haodf.com/hospital/DE4roiYGYZw0CXaCFVHDuJVht/jieshao.htm,北京市海淀区中关村南大街22号,//map.haodf.com/hospital/DE4roiYGYZw0CXaCFVHDuJVht/map.htm,"010-62179665,010-82195390(预约挂号),010-62179977(总机)",https://www.haodf.com/hospital/DE4roiYGYZw0CXaCFVHDuJVht.htm
"科室 46 个, 大夫 872 人",首都医科大学附属北京安贞医院集医疗、...,//info.haodf.com/hospital/DE4raCNSz6Om-9cfC2nM4CIa/jieshao.htm,北京市朝阳区安贞路2号,//map.haodf.com/hospital/DE4raCNSz6Om-9cfC2nM4CIa/map.htm,"010-64412431(总机),010-64456260(挂号室),010-64456637(门诊部咨询)",https://www.haodf.com/hospital/DE4raCNSz6Om-9cfC2nM4CIa.htm
"科室 47 个, 大夫 611 人",北京积水潭医院是一家王府花园式医院。...,//info.haodf.com/hospital/DE4raCNSz6OWZplJ2IkvT2YR/jieshao.htm,新街口院区:北京市西城区新街口东街31号...,//map.haodf.com/hospital/DE4raCNSz6OWZplJ2IkvT2YR/map.htm,010-58516688(总机),https://www.haodf.com/hospital/DE4raCNSz6OWZplJ2IkvT2YR.htm
"科室 60 个, 大夫 1139 人",北京大学第一医院(简称“北大医院”)位...,//info.haodf.com/hospital/DE4raCNSz6ONSaQTyscBtyq4/jieshao.htm,北大医院:北京市西城区西什库大街8号;北...,//map.haodf.com/hospital/DE4raCNSz6ONSaQTyscBtyq4/map.htm,"010-83572211(北大医院总机),010-66551056(院办),010-83228989(男科中心),010-66551531(北大妇幼)",https://www.haodf.com/hospital/DE4raCNSz6ONSaQTyscBtyq4.htm
"科室 49 个, 大夫 894 人",首都医科大学附属北京天坛医院始建于19...,//info.haodf.com/hospital/DE4raCNSz6OYw20RBSRSxBFl/jieshao.htm,北京市丰台区南四环西路119号（花乡桥东...,//map.haodf.com/hospital/DE4raCNSz6OYw20RBSRSxBFl/map.htm,"010-59976611(总机),010-59976550(咨询),010-59975043(咨询)",https://www.haodf.com/hospital/DE4raCNSz6OYw20RBSRSxBFl.htm
"科室 17 个, 大夫 694 人",中国医学科学院阜外医院（以下简称阜外...,//info.haodf.com/hospital/DE4raCNSz6ONZORxEH4FVECt/jieshao.htm,总部:北京市西城区北礼士路167号(西二环...,//map.haodf.com/hospital/DE4raCNSz6ONZORxEH4FVECt/map.htm,"010-88398866,68314466(总机),010-88398331(挂号室),010-88398700(咨询)",https://www.haodf.com/hospital/DE4raCNSz6ONZORxEH4FVECt.htm
"科室 25 个, 大夫 373 人",首都医科大学附属北京妇产医院、北京妇...,//info.haodf.com/hospital/DE4raCNSz6Omx7149dVHU9sf/jieshao.htm,东院:北京市朝阳区姚家园路251号;西院:...,//map.haodf.com/hospital/DE4raCNSz6Omx7149dVHU9sf/map.htm,"010-52276666(东院区总机),010-52277666(西院区总机)",https://www.haodf.com/hospital/DE4raCNSz6Omx7149dVHU9sf.htm
"科室 40 个, 大夫 515 人",北京中医医院始建于1956年，是北京市唯...,//info.haodf.com/hospital/DE4roiYGYZwXwIaCFVHDuJVht/jieshao.htm,北京市东城区美术馆后街23号,//map.haodf.com/hospital/DE4roiYGYZwXwIaCFVHDuJVht/map.htm,"010-52176700(总机),010-52177506(明医馆),010-52176955(杏林苑)",https://www.haodf.com/hospital/DE4roiYGYZwXwIaCFVHDuJVht.htm
"科室 41 个, 大夫 610 人",首都医科大学附属北京儿童医院是集...,//info.haodf.com/hospital/DE4raCNSz6ONgokwMDQuPMuk/jieshao.htm,北京市西城区南礼士路56号,//map.haodf.com/hospital/DE4raCNSz6ONgokwMDQuPMuk/map.htm,010-59616161(总机),https://www.haodf.com/hospital/DE4raCNSz6ONgokwMDQuPMuk.htm
"科室 64 个, 大夫 841 人",首都医科大学附属北京同仁医院始建于18...,//info.haodf.com/hospital/DE4rIxMvCoglyo3WJbWRFh5/jieshao.htm,北京市东城区东交民巷1号(西区);北京市...,//map.haodf.com/hospital/DE4rIxMvCoglyo3WJbWRFh5/map.htm,"010-58269911(总机),010-58266699(咨询台)",https://www.haodf.com/hospital/DE4rIxMvCoglyo3WJbWRFh5.htm
"科室 57 个, 大夫 1120 人",北京大学第三医院（简称“北医三院”）...,//info.haodf.com/hospital/DE4roiYGYZwWGNldz13dpO1a1/jieshao.htm,北京市海淀区花园北路49号(本院)；北京...,//map.haodf.com/hospital/DE4roiYGYZwWGNldz13dpO1a1/map.htm,"010-82266699(总机),010-82264567(门诊咨询台),010-82951077(第二门诊部),010-64581188(机场院区)",https://www.haodf.com/hospital/DE4roiYGYZwWGNldz13dpO1a1.htm
"科室 59 个, 大夫 1920 人",中国人民解放军总医院（301医院）创建于...,//info.haodf.com/hospital/DE4roiYGYZw0hEIKBtDEBxt8k/jieshao.htm,北京市海淀区复兴路28号,//map.haodf.com/hospital/DE4roiYGYZw0hEIKBtDEBxt8k/map.htm,"010-68182255(总机),010-66887329(总机),010-66937329(总机),010-66939114(查号),010-66939344(语音门诊查询)",https://www.haodf.com/hospital/DE4roiYGYZw0hEIKBtDEBxt8k.htm
"科室 46 个, 大夫 903 人",首都医科大学宣武医院创建于1958年，是...,//info.haodf.com/hospital/DE4raCNSz6O0h1aaH6PKRH5e/jieshao.htm,北京市西城区长椿街45号；口腔二部：北...,//map.haodf.com/hospital/DE4raCNSz6O0h1aaH6PKRH5e/map.htm,"010-83198899(总机),010-83198150(特需门诊),010-83198277(咨询电话)",https://www.haodf.com/hospital/DE4raCNSz6O0h1aaH6PKRH5e.htm
"科室 30 个, 大夫 243 人",首都医科大学附属北京地坛医院 (原名北...,//info.haodf.com/hospital/DE4rIxMvCogWH26171mm-bs/jieshao.htm,北京市朝阳区京顺东街8号(本部);北京市...,//map.haodf.com/hospital/DE4rIxMvCogWH26171mm-bs/map.htm,"010-84322000(总机),010-84322566(咨询),010-84322252(艾滋病咨询),010-80400088(顺义院区)",https://www.haodf.com/hospital/DE4rIxMvCogWH26171mm-bs.htm
"科室 56 个, 大夫 1116 人",复旦大学附属华山医院创建于1907年，是...,//info.haodf.com/hospital/DE4roiYGYZwXGaOyZJ9SvRJb8/jieshao.htm,总院:上海市乌鲁木齐中路12号;东院:浦东...,//map.haodf.com/hospital/DE4roiYGYZwXGaOyZJ9SvRJb8/map.htm,"021-52889999(本院总机),021-50301999(东院总机),021-50301999-1000(东院咨询电话),021-50309919(东院预约),021-66895999(北院)",https://www.haodf.com/hospital/DE4roiYGYZwXGaOyZJ9SvRJb8.htm
"科室 56 个, 大夫 992 人",瑞金医院建于1907年，原名广慈医院，是...,//info.haodf.com/hospital/DE4roiYGYZwXhEaCFVHDuJVht/jieshao.htm,总院:上海市瑞金二路197号(永嘉路口);北...,//map.haodf.com/hospital/DE4roiYGYZwXhEaCFVHDuJVht/map.htm,"021-34186000(总机),021-64370045(总机),021-64717398(远洋分院),021-67888999(北院)",https://www.haodf.com/hospital/DE4roiYGYZwXhEaCFVHDuJVht.htm
"科室 60 个, 大夫 975 人",上海交通大学医学院附属第九人民医院的...,//info.haodf.com/hospital/DE4roiYGYZwXhXnG6rsvdwrU4/jieshao.htm,"上海市制造局路639号(南院),上海市瞿溪...",//map.haodf.com/hospital/DE4roiYGYZwXhXnG6rsvdwrU4/map.htm,"021-23271699(总院总机),021-58702006(浦东分院),021-63400490(大沽路门诊),021-56691101(北院总机)",https://www.haodf.com/hospital/DE4roiYGYZwXhXnG6rsvdwrU4.htm
"科室 43 个, 大夫 538 人",上海中医药大学附属龙华医院创建于1960...,//info.haodf.com/hospital/DE4roiYGYZwX-U7o5nM-zfnJT/jieshao.htm,总院：上海市宛平南路725号;浦东分院：...,//map.haodf.com/hospital/DE4roiYGYZwX-U7o5nM-zfnJT/map.htm,021-64385700(总机),https://www.haodf.com/hospital/DE4roiYGYZwX-U7o5nM-zfnJT.htm
"科室 66 个, 大夫 979 人",一、历史悠久,//info.haodf.com/hospital/DE4roiYGYZwXCUrEpjdCy8jrf/jieshao.htm,本院:广州市沿江西路107号;南院:广州市...,//map.haodf.com/hospital/DE4roiYGYZwXCUrEpjdCy8jrf/map.htm,020-81332199(总机),https://www.haodf.com/hospital/DE4roiYGYZwXCUrEpjdCy8jrf.htm
"科室 52 个, 大夫 1025 人",北京大学人民医院创建于1918年，是中国...,//info.haodf.com/hospital/DE4raCNSz6ONDnJPvy76rvKc/jieshao.htm,西直门院区:北京市西城区西直门南大街1...,//map.haodf.com/hospital/DE4raCNSz6ONDnJPvy76rvKc/map.htm,"010-88326666(新院总机),010-66583666(老院总机)",https://www.haodf.com/hospital/DE4raCNSz6ONDnJPvy76rvKc.htm
"科室 56 个, 大夫 919 人",广州市妇女儿童医疗中心（以下简称“妇...,//info.haodf.com/hospital/DE4roiYGYZwXxOqNN8Z2K18e0/jieshao.htm,广州市人民中路318号(儿童院区);广州市...,//map.haodf.com/hospital/DE4roiYGYZwXxOqNN8Z2K18e0/map.htm,"020-81886332(总机),020-81330713(儿童院区),020-81886910(妇婴院区),020-38076461(珠江新城院区)",https://www.haodf.com/hospital/DE4roiYGYZwXxOqNN8Z2K18e0.htm
"科室 66 个, 大夫 1051 人",中山大学附属第一医院（简称中山一院）...,//info.haodf.com/hospital/DE4roiYGYZwXiEUz-mzZSmmxP/jieshao.htm,本部:广东省广州市中山二路58号;妇科生...,//map.haodf.com/hospital/DE4roiYGYZwXiEUz-mzZSmmxP/map.htm,"020-87755766(总机),020-87332200(总机)",https://www.haodf.com/hospital/DE4roiYGYZwXiEUz-mzZSmmxP.htm
"科室 48 个, 大夫 369 人",广州医科大学附属第三医院位于广州市繁...,//info.haodf.com/hospital/DE4roiYGYZwXCnUz-mzZSmmxP/jieshao.htm,广州市荔湾区多宝路63号,//map.haodf.com/hospital/DE4roiYGYZwXCnUz-mzZSmmxP/map.htm,"020-81292183(24小时咨询),4006677400(预约挂号)",https://www.haodf.com/hospital/DE4roiYGYZwXCnUz-mzZSmmxP.htm
"科室 47 个, 大夫 545 人",成都市第一人民医院（成都市中西医结合...,//info.haodf.com/hospital/DE4roiYGYZwmCaqNN8Z2K18e0/jieshao.htm,成都市高新南区繁雄大道万象北路18号,//map.haodf.com/hospital/DE4roiYGYZwmCaqNN8Z2K18e0/map.htm,"028-86914657(急救),028-86915760(北区咨询台),028-85311726(南区咨询台)",https://www.haodf.com/hospital/DE4roiYGYZwmCaqNN8Z2K18e0.htm
"科室 56 个, 大夫 626 人",山东中医药大学附属医院、山东省中医院...,//info.haodf.com/hospital/DE4roiYGYZwaJ3uuYe-Bqregr/jieshao.htm,西院区:山东省济南市文化西路42号;东院...,//map.haodf.com/hospital/DE4roiYGYZwaJ3uuYe-Bqregr/map.htm,"0531-82950414(东院总机),0531-58675126(预约挂号)",https://www.haodf.com/hospital/DE4roiYGYZwaJ3uuYe-Bqregr.htm
"科室 34 个, 大夫 267 人",山东大学齐鲁儿童医院始建于1957年，是...,//info.haodf.com/hospital/DE4roiYGYZwEJb65Sxq9XkxnU/jieshao.htm,山东省济南市槐荫区经十路23976号,//map.haodf.com/hospital/DE4roiYGYZwEJb65Sxq9XkxnU/map.htm,0531-87964990(总机),https://www.haodf.com/hospital/DE4roiYGYZwEJb65Sxq9XkxnU.htm
"科室 33 个, 大夫 396 人",南京医科大学附属儿童医院（江苏省儿童...,//info.haodf.com/hospital/DE4roiYGYZwEiI1YXfLKC7fiV/jieshao.htm,广州路院区:南京市广州路72号;河西院区...,//map.haodf.com/hospital/DE4roiYGYZwEiI1YXfLKC7fiV/map.htm,"025-83117500(总机),025-83116969(咨询及预约)",https://www.haodf.com/hospital/DE4roiYGYZwEiI1YXfLKC7fiV.htm
"科室 18 个, 大夫 266 人",南京脑科医院，又名南京医科大学附属脑...,//info.haodf.com/hospital/DE4roiYGYZwEi2c2dcByMhc7g/jieshao.htm,南京市广州路264号,//map.haodf.com/hospital/DE4roiYGYZwEi2c2dcByMhc7g/map.htm,"025-82296000(总机),025-82296386(预约),025-82296409(导医)",https://www.haodf.com/hospital/DE4roiYGYZwEi2c2dcByMhc7g.htm
"科室 49 个, 大夫 456 人",东南大学附属中大医院始建于1935年，其...,//info.haodf.com/hospital/DE4roiYGYZwaiqd9CWC6I0WTb/jieshao.htm,本部:江苏省南京市湖南路丁家桥87号;江...,//map.haodf.com/hospital/DE4roiYGYZwaiqd9CWC6I0WTb/map.htm,"025-83272114(咨询),025-83272453(咨询),025-83272111,025-56873114(江北院区)",https://www.haodf.com/hospital/DE4roiYGYZwaiqd9CWC6I0WTb.htm
"科室 21 个, 大夫 243 人",江苏省,//info.haodf.com/hospital/DE4roiYGYZwECa1YXfLKC7fiV/jieshao.htm,南京市百子亭42号,//map.haodf.com/hospital/DE4roiYGYZwECa1YXfLKC7fiV/map.htm,"025-83283597(总机),025-83283364(门诊部)",https://www.haodf.com/hospital/DE4roiYGYZwECa1YXfLKC7fiV.htm
"科室 64 个, 大夫 980 人",浙江大学医学院附属第一医院建院于1947...,//info.haodf.com/hospital/DE4roiYGYZwmGEaCFVHDuJVht/jieshao.htm,庆春院区:浙江省杭州市庆春路79号;城站...,//map.haodf.com/hospital/DE4roiYGYZwmGEaCFVHDuJVht/map.htm,"0571-87236114(总机),0571-87236666,0571-87236300(急诊电话),0571-87236668(门诊)",https://www.haodf.com/hospital/DE4roiYGYZwmGEaCFVHDuJVht.htm
"科室 42 个, 大夫 575 人",成都中医药大学附属医院/四川省中医院创...,//info.haodf.com/hospital/DE4roiYGYZwmCO3XIhpq-4h0m/jieshao.htm,四川省成都市金牛区十二桥路39号,//map.haodf.com/hospital/DE4roiYGYZwmCO3XIhpq-4h0m/map.htm,"028-87769902(总机),028-87769903(总机),028-87769904(总机),028-87783481(咨询),028-87732407(夜间咨询)",https://www.haodf.com/hospital/DE4roiYGYZwmCO3XIhpq-4h0m.htm
"科室 54 个, 大夫 1821 人",锦江春色来天地，玉垒浮云变古今。,//info.haodf.com/hospital/DE4roiYGYZwXJq43vTNHYjTjw/jieshao.htm,"四川省成都市武侯区国学巷37号(本部),成...",//map.haodf.com/hospital/DE4roiYGYZwXJq43vTNHYjTjw/map.htm,"028-85422114(查号台),028-85422290(门诊办公室)",https://www.haodf.com/hospital/DE4roiYGYZwXJq43vTNHYjTjw.htm
"科室 28 个, 大夫 364 人",医院现开放编制床位1580张，其中华西院...,//info.haodf.com/hospital/DE4roiYGYZwmKobML76GGU71e/jieshao.htm,成都市人民南路3段20号(本部:);成都市锦...,//map.haodf.com/hospital/DE4roiYGYZwmKobML76GGU71e/map.htm,028-85503960(咨询),https://www.haodf.com/hospital/DE4roiYGYZwmKobML76GGU71e.htm
"科室 63 个, 大夫 1123 人",江苏省人民医院，暨南京医科大学第一附...,//info.haodf.com/hospital/DE4roiYGYZwX-bc2dcByMhc7g/jieshao.htm,本部:南京市广州路300号;妇幼分院:南京...,//map.haodf.com/hospital/DE4roiYGYZwX-bc2dcByMhc7g/map.htm,"025-83718836(医院本部总机),025-83714511(医院本部总机),025-86211033(河西分院总机)",https://www.haodf.com/hospital/DE4roiYGYZwX-bc2dcByMhc7g.htm
"科室 44 个, 大夫 822 人",江苏省中医院创建于1954年10月，为全国...,//info.haodf.com/hospital/DE4roiYGYZwXy1tsGQuzElQch/jieshao.htm,江苏省南京市秦淮区汉中路155号,//map.haodf.com/hospital/DE4roiYGYZwXy1tsGQuzElQch/map.htm,"025-86617141(总机),025-86618472,025-86518612",https://www.haodf.com/hospital/DE4roiYGYZwXy1tsGQuzElQch.htm
"科室 60 个, 大夫 710 人",古运河畔的山东省济宁市是鲁南人文圣地...,//info.haodf.com/hospital/DE4roiYGYZwEyOc2dcByMhc7g/jieshao.htm,山东省济宁市古槐路89号(本部);山东省济...,//map.haodf.com/hospital/DE4roiYGYZwEyOc2dcByMhc7g/map.htm,"0537-2903399(总机),0537-2903092(咨询),0537-2966666(咨询),0537-2903165(院办)",https://www.haodf.com/hospital/DE4roiYGYZwEyOc2dcByMhc7g.htm
"科室 55 个, 大夫 871 人",广州市第一人民医院（华南理工大学附属...,//info.haodf.com/hospital/DE4roiYGYZwXxobML76GGU71e/jieshao.htm,广州市盘福路1号(总院):东风西路金融大...,//map.haodf.com/hospital/DE4roiYGYZwXxobML76GGU71e/map.htm,"020-81048888(总院总机),020-81048388(预约7:00-21:00),020-81628820(鹤洞分院),020-39096666(南沙分院)",https://www.haodf.com/hospital/DE4roiYGYZwXxobML76GGU71e.htm
"科室 69 个, 大夫 1096 人",长江之滨，黄鹤楼下，有一所海内外闻名...,//info.haodf.com/hospital/DE4roiYGYZwXyb43vTNHYjTjw/jieshao.htm,主院区:湖北省武汉市解放大道1095号;光...,//map.haodf.com/hospital/DE4roiYGYZwXyb43vTNHYjTjw/map.htm,"027-83663131(总机),027-83662688(主院区),027-63639393(光谷院区),027-69378083(中法新城),027-83663298(咨询台)",https://www.haodf.com/hospital/DE4roiYGYZwXyb43vTNHYjTjw.htm
